,Date,Name,Symbol,Marketcap_in_dollar,Price_in_dollar,Circulating_supply_in_BTC,1hour_chg_per,24hour_chg_per,7day_chg_per
0,2013-05-05,Bitcoin,BTC,"$1,288,693,216.22",$115.91,"11,118,050 BTC",0.43%,0.43%,-13.81%
1,2013-05-12,Bitcoin,BTC,"$1,281,982,625.00",$115.00,"11,147,675 BTC",-0.03%,-0.03%,-1.88%
2,2013-05-19,Bitcoin,BTC,"$1,363,205,019.90",$121.99,"11,174,725 BTC",-0.35%,-0.35%,5.70%
3,2013-05-26,Bitcoin,BTC,"$1,495,292,967.14",$133.48,"11,202,375 BTC",-1.16%,-1.16%,9.61%
4,2013-06-02,Bitcoin,BTC,"$1,373,839,383.45",$122.29,"11,234,075 BTC",1.00%,1.00%,-9.13%
5,2013-06-09,Bitcoin,BTC,"$1,126,642,500.00",$100.00,"11,266,425 BTC",-2.04%,-2.04%,-16.89%
6,2013-06-16,Bitcoin,BTC,"$1,124,306,468.29",$99.51,"11,298,425 BTC",-0.01%,-0.01%,-1.32%
7,2013-06-23,Bitcoin,BTC,"$1,218,626,731.94",$107.60,"11,325,525 BTC",-0.27%,-0.27%,7.69%
8,2013-06-30,Bitcoin,BTC,"$1,096,957,926.58",$96.61,"11,354,025 BTC",-0.53%,-0.53%,-9.91%
9,2013-07-07,Bitcoin,BTC,"$848,838,935.56",$74.56,"11,384,475 BTC",1.27%,1.27%,-23.21%
10,2013-07-14,Bitcoin,BTC,"$1,080,918,189.52",$94.69,"11,415,175 BTC",1.13%,1.13%,26.85%
11,2013-07-21,Bitcoin,BTC,"$1,038,799,169.95",$90.76,"11,445,900 BTC",0.48%,0.48%,-3.89%
12,2013-07-28,Bitcoin,BTC,"$1,144,602,625.00",$99.76,"11,474,025 BTC",-0.07%,-0.07%,10.61%
13,2013-08-04,Bitcoin,BTC,"$1,209,792,869.08",$105.14,"11,506,100 BTC",-0.05%,-0.05%,6.11%
14,2013-08-11,Bitcoin,BTC,"$1,211,789,250.00",$105.00,"11,540,850 BTC",0.11%,0.11%,-0.51%
15,2013-08-18,Bitcoin,BTC,"$1,313,544,012.50",$113.50,"11,573,075 BTC",-0.16%,-0.16%,8.50%
16,2013-08-25,Bitcoin,BTC,"$1,417,199,162.92",$122.11,"11,605,825 BTC",-0.13%,-0.13%,6.85%
17,2013-09-01,Bitcoin,BTC,"$1,610,215,304.37",$138.34,"11,639,550 BTC",0.09%,0.09%,13.16%
18,2013-09-08,Bitcoin,BTC,"$1,419,836,114.24",$121.66,"11,670,525 BTC",0.61%,0.61%,-11.89%
19,2013-09-15,Bitcoin,BTC,"$1,526,085,088.84",$130.37,"11,705,800 BTC",0.13%,0.13%,7.45%
20,2013-09-22,Bitcoin,BTC,"$1,515,584,678.69",$129.12,"11,737,800 BTC",0.29%,0.29%,-1.03%
21,2013-09-29,Bitcoin,BTC,"$1,616,584,461.39",$137.34,"11,770,675 BTC",-0.35%,-0.35%,6.69%
22,2013-10-06,Bitcoin,BTC,"$1,522,686,975.00",$129.00,"11,803,775 BTC",0.16%,0.16%,-5.84%
23,2013-10-13,Bitcoin,BTC,"$1,634,968,896.30",$138.13,"11,836,450 BTC",-0.30%,-0.30%,7.12%
24,2013-10-20,Bitcoin,BTC,"$2,073,319,147.25",$174.61,"11,874,000 BTC",0.39%,0.39%,25.56%
25,2013-10-27,Bitcoin,BTC,"$2,339,831,246.08",$196.44,"11,911,175 BTC",1.65%,1.65%,12.45%
26,2013-11-03,Bitcoin,BTC,"$2,568,713,147.70",$215.05,"11,944,725 BTC",0.77%,0.77%,11.20%
27,2013-11-10,Bitcoin,BTC,"$3,910,613,036.04",$326.62,"11,972,975 BTC",0.78%,0.78%,52.60%
28,2013-11-17,Bitcoin,BTC,"$5,907,841,887.89",$492.11,"12,005,125 BTC",-1.31%,-1.31%,55.65%
29,2013-11-24,Bitcoin,BTC,"$9,317,034,156.25",$774.25,"12,033,625 BTC",-0.89%,-0.89%,57.66%
30,2013-12-01,Bitcoin,BTC,"$11,531,708,652.96",$955.85,"12,064,350 BTC",0.94%,0.94%,22.10%
31,2013-12-08,Bitcoin,BTC,"$9,627,500,053.68",$795.87,"12,096,825 BTC",0.71%,0.71%,-17.53%
32,2013-12-15,Bitcoin,BTC,"$10,625,517,591.78",$876.12,"12,127,925 BTC",0.08%,0.08%,11.75%
33,2013-12-22,Bitcoin,BTC,"$7,505,757,333.43",$617.18,"12,161,375 BTC",-0.68%,-0.68%,-29.26%
34,2013-12-29,Bitcoin,BTC,"$9,082,103,472.45",$745.05,"12,189,925 BTC",-0.10%,-0.10%,17.84%
35,2014-01-05,Bitcoin,BTC,"$11,379,661,042.38",$933.53,"12,189,925 BTC",0.25%,0.25%,25.84%
36,2014-01-12,Bitcoin,BTC,"$10,578,652,838.47",$863.22,"12,254,875 BTC",-0.62%,-0.62%,-8.53%
37,2014-01-19,Bitcoin,BTC,"$10,699,504,355.93",$870.96,"12,284,725 BTC",2.11%,2.11%,1.02%
38,2014-01-26,Bitcoin,BTC,"$10,902,798,992.81",$885.28,"12,315,650 BTC",0.41%,0.41%,2.79%
39,2014-02-02,Bitcoin,BTC,"$10,190,038,593.97",$825.37,"12,346,025 BTC",-0.03%,-0.03%,-6.75%
40,2014-02-09,Bitcoin,BTC,"$8,451,229,252.14",$682.90,"12,375,500 BTC",-0.06%,-0.06%,-17.30%
41,2014-02-16,Bitcoin,BTC,"$7,650,358,897.33",$616.63,"12,406,725 BTC",2.62%,2.62%,-10.93%
42,2014-02-23,Bitcoin,BTC,"$7,534,325,957.59",$605.82,"12,436,575 BTC",-0.72%,-0.72%,-0.56%
43,2014-03-02,Bitcoin,BTC,"$6,978,523,797.83",$559.79,"12,466,325 BTC",0.83%,0.83%,-6.82%
44,2014-03-09,Bitcoin,BTC,"$7,958,688,082.54",$636.96,"12,494,800 BTC",-0.24%,-0.24%,13.24%
45,2014-03-16,Bitcoin,BTC,"$7,903,421,902.06",$631.11,"12,523,050 BTC",0.11%,0.11%,-1.24%
46,2014-03-23,Bitcoin,BTC,"$7,045,873,880.14",$561.27,"12,553,400 BTC",-0.63%,-0.63%,-11.04%
47,2014-03-30,Bitcoin,BTC,"$5,791,425,431.84",$460.27,"12,582,575 BTC",-0.16%,-0.16%,-18.02%
48,2014-04-06,Bitcoin,BTC,"$5,808,862,088.79",$460.50,"12,614,275 BTC",0.18%,0.18%,-0.52%
49,2014-04-13,Bitcoin,BTC,"$5,234,669,425.31",$414.06,"12,642,200 BTC",0.73%,0.73%,-9.66%
50,2014-04-20,Bitcoin,BTC,"$6,312,898,134.70",$498.17,"12,672,225 BTC",-0.08%,-0.08%,20.91%
51,2014-04-27,Bitcoin,BTC,"$5,542,719,717.83",$436.39,"12,701,300 BTC",-0.58%,-0.58%,-12.94%
52,2014-05-04,Bitcoin,BTC,"$5,554,781,871.21",$436.40,"12,728,550 BTC",0.14%,0.14%,0.19%
53,2014-05-11,Bitcoin,BTC,"$5,598,957,083.42",$438.89,"12,757,200 BTC",0.13%,0.13%,0.81%
54,2014-05-18,Bitcoin,BTC,"$5,706,167,060.01",$446.26,"12,786,525 BTC",0.19%,0.19%,2.03%
55,2014-05-25,Bitcoin,BTC,"$7,325,371,160.59",$571.59,"12,815,825 BTC",0.36%,0.36%,28.28%
56,2014-06-01,Bitcoin,BTC,"$8,094,127,199.29",$630.23,"12,843,150 BTC",-1.85%,-1.85%,9.92%
57,2014-06-08,Bitcoin,BTC,"$8,445,491,366.27",$656.14,"12,871,475 BTC",0.18%,0.18%,2.33%
58,2014-06-15,Bitcoin,BTC,"$7,649,365,737.79",$592.94,"12,900,800 BTC",1.50%,1.50%,-9.52%
59,2014-06-22,Bitcoin,BTC,"$7,788,611,993.35",$602.27,"12,932,025 BTC",0.05%,0.05%,3.28%
60,2014-06-29,Bitcoin,BTC,"$7,813,285,930.13",$602.72,"12,963,475 BTC",-0.03%,-0.03%,0.35%
61,2014-07-06,Bitcoin,BTC,"$8,258,182,479.31",$635.81,"12,988,500 BTC",0.18%,0.18%,5.87%
62,2014-07-13,Bitcoin,BTC,"$8,154,263,415.56",$626.50,"13,015,650 BTC",-0.02%,-0.02%,-1.36%
63,2014-07-20,Bitcoin,BTC,"$8,137,811,957.88",$623.90,"13,043,450 BTC",0.08%,0.08%,-0.18%
64,2014-07-27,Bitcoin,BTC,"$7,761,284,408.63",$593.85,"13,069,400 BTC",-0.10%,-0.10%,-4.65%
65,2014-08-03,Bitcoin,BTC,"$7,683,526,402.30",$586.67,"13,096,925 BTC",-0.12%,-0.12%,-0.89%
66,2014-08-10,Bitcoin,BTC,"$7,757,400,138.78",$591.06,"13,124,525 BTC",0.19%,0.19%,0.78%
67,2014-08-17,Bitcoin,BTC,"$6,468,997,837.38",$491.80,"13,153,850 BTC",0.75%,0.75%,-16.67%
68,2014-08-24,Bitcoin,BTC,"$6,700,956,771.09",$508.29,"13,183,450 BTC",-0.04%,-0.04%,3.65%
69,2014-08-31,Bitcoin,BTC,"$6,312,805,192.09",$477.76,"13,213,250 BTC",-0.84%,-0.84%,-5.76%
70,2014-09-07,Bitcoin,BTC,"$6,385,590,810.60",$482.28,"13,240,475 BTC",-0.42%,-0.42%,0.81%
71,2014-09-14,Bitcoin,BTC,"$6,340,774,104.97",$477.89,"13,268,225 BTC",0.15%,0.15%,-0.86%
72,2014-09-21,Bitcoin,BTC,"$5,303,654,307.21",$398.82,"13,298,325 BTC",0.47%,0.47%,-16.52%
73,2014-09-28,Bitcoin,BTC,"$5,025,732,218.61",$377.18,"13,324,450 BTC",-0.02%,-0.02%,-5.79%
74,2014-10-05,Bitcoin,BTC,"$4,279,043,444.72",$320.51,"13,350,725 BTC",2.21%,2.21%,-15.62%
75,2014-10-12,Bitcoin,BTC,"$5,063,686,790.58",$378.55,"13,376,575 BTC",0.32%,0.32%,22.54%
76,2014-10-19,Bitcoin,BTC,"$5,220,786,277.72",$389.55,"13,402,225 BTC",-0.49%,-0.49%,4.48%
77,2014-10-26,Bitcoin,BTC,"$4,763,038,436.19",$354.70,"13,428,200 BTC",0.17%,0.17%,-8.55%
78,2014-11-02,Bitcoin,BTC,"$4,385,292,349.30",$325.89,"13,456,275 BTC",-0.20%,-0.20%,-7.99%
79,2014-11-09,Bitcoin,BTC,"$4,897,967,438.96",$363.26,"13,483,200 BTC",1.04%,1.04%,10.72%
80,2014-11-16,Bitcoin,BTC,"$5,239,697,442.91",$387.88,"13,508,475 BTC",0.02%,0.02%,8.06%
81,2014-11-23,Bitcoin,BTC,"$4,974,536,262.66",$367.57,"13,533,475 BTC",-0.58%,-0.58%,-6.37%
82,2014-11-30,Bitcoin,BTC,"$5,125,963,514.89",$378.05,"13,559,050 BTC",0.17%,0.17%,2.90%
83,2014-12-07,Bitcoin,BTC,"$5,094,941,875.62",$375.09,"13,583,075 BTC",-0.06%,-0.06%,-0.72%
84,2014-12-14,Bitcoin,BTC,"$4,785,248,773.88",$351.63,"13,608,675 BTC",0.25%,0.25%,-6.23%
85,2014-12-21,Bitcoin,BTC,"$4,373,826,071.79",$320.84,"13,632,275 BTC",-0.56%,-0.56%,-8.43%
86,2014-12-28,Bitcoin,BTC,"$4,333,395,591.11",$317.24,"13,659,700 BTC",0.24%,0.24%,-1.68%
87,2015-01-04,Bitcoin,BTC,"$3,616,325,669.88",$264.20,"13,688,075 BTC",0.94%,0.94%,-16.72%
88,2015-01-11,Bitcoin,BTC,"$3,643,311,965.96",$265.66,"13,714,175 BTC",-0.53%,-0.53%,-1.14%
89,2015-01-18,Bitcoin,BTC,"$2,889,852,649.33",$210.34,"13,739,050 BTC",0.13%,0.13%,-21.45%
90,2015-01-25,Bitcoin,BTC,"$3,491,684,706.82",$253.72,"13,762,075 BTC",0.38%,0.38%,19.81%
91,2015-02-01,Bitcoin,BTC,"$3,129,632,209.53",$226.97,"13,788,650 BTC",-0.02%,-0.02%,-13.27%
92,2015-02-08,Bitcoin,BTC,"$3,086,540,934.54",$223.41,"13,815,450 BTC",-0.02%,-0.02%,-1.71%
93,2015-02-15,Bitcoin,BTC,"$3,250,247,204.66",$234.83,"13,841,125 BTC",0.94%,0.94%,5.31%
94,2015-02-22,Bitcoin,BTC,"$3,272,632,781.48",$235.98,"13,868,425 BTC",0.08%,0.08%,1.02%
95,2015-03-01,Bitcoin,BTC,"$3,615,184,871.86",$260.20,"13,893,750 BTC",0.20%,0.20%,10.31%
96,2015-03-08,Bitcoin,BTC,"$3,818,877,841.01",$274.35,"13,919,525 BTC",0.05%,0.05%,7.14%
97,2015-03-15,Bitcoin,BTC,"$3,993,635,126.19",$286.39,"13,944,575 BTC",0.22%,0.22%,4.03%
98,2015-03-22,Bitcoin,BTC,"$3,743,197,248.40",$267.96,"13,969,225 BTC",-0.32%,-0.32%,-6.82%
99,2015-03-29,Bitcoin,BTC,"$3,397,186,865.47",$242.71,"13,996,725 BTC",-0.16%,-0.16%,-9.14%
100,2015-04-05,Bitcoin,BTC,"$3,654,266,205.03",$260.60,"14,022,625 BTC",0.06%,0.06%,6.75%
101,2015-04-12,Bitcoin,BTC,"$3,317,123,015.29",$236.15,"14,046,525 BTC",-0.05%,-0.05%,-8.97%
102,2015-04-19,Bitcoin,BTC,"$3,132,227,160.59",$222.60,"14,071,100 BTC",-0.29%,-0.29%,-5.68%
103,2015-04-26,Bitcoin,BTC,"$3,093,210,381.84",$219.43,"14,096,600 BTC",0.06%,0.06%,-1.87%
104,2015-05-03,Bitcoin,BTC,"$3,394,163,164.37",$240.36,"14,121,275 BTC",0.06%,0.06%,9.71%
105,2015-05-10,Bitcoin,BTC,"$3,399,248,766.08",$240.30,"14,146,075 BTC",-0.25%,-0.25%,-0.12%
106,2015-05-17,Bitcoin,BTC,"$3,356,177,229.79",$236.80,"14,172,925 BTC",-0.04%,-0.04%,-1.52%
107,2015-05-24,Bitcoin,BTC,"$3,420,840,509.76",$240.95,"14,197,150 BTC",-0.13%,-0.13%,1.78%
108,2015-05-31,Bitcoin,BTC,"$3,273,749,732.66",$230.19,"14,221,975 BTC",0.12%,0.12%,-4.48%
109,2015-06-07,Bitcoin,BTC,"$3,175,550,844.62",$222.88,"14,247,725 BTC",-0.23%,-0.23%,-3.51%
110,2015-06-14,Bitcoin,BTC,"$3,333,660,698.61",$233.54,"14,274,275 BTC",0.16%,0.16%,4.49%
111,2015-06-21,Bitcoin,BTC,"$3,488,111,052.52",$243.94,"14,298,800 BTC",-0.09%,-0.09%,4.33%
112,2015-06-28,Bitcoin,BTC,"$3,566,934,170.65",$249.01,"14,324,425 BTC",-0.06%,-0.06%,2.15%
113,2015-07-05,Bitcoin,BTC,"$3,901,991,589.58",$271.91,"14,350,125 BTC",0.49%,0.49%,9.14%
114,2015-07-12,Bitcoin,BTC,"$4,469,121,263.85",$310.87,"14,376,300 BTC",-0.04%,-0.04%,15.22%
115,2015-07-19,Bitcoin,BTC,"$3,940,580,866.01",$273.61,"14,401,975 BTC",0.02%,0.02%,-11.26%
116,2015-07-26,Bitcoin,BTC,"$4,222,885,227.06",$292.69,"14,428,050 BTC",0.01%,0.01%,6.71%
117,2015-08-02,Bitcoin,BTC,"$4,084,836,711.04",$282.61,"14,453,750 BTC",-0.07%,-0.07%,-3.28%
118,2015-08-09,Bitcoin,BTC,"$3,838,132,010.49",$265.08,"14,478,975 BTC",-0.17%,-0.17%,-5.89%
119,2015-08-16,Bitcoin,BTC,"$3,749,498,591.23",$258.51,"14,504,450 BTC",0.01%,0.01%,-2.42%
120,2015-08-23,Bitcoin,BTC,"$3,315,472,110.31",$228.17,"14,530,750 BTC",0.43%,0.43%,-11.77%
121,2015-08-30,Bitcoin,BTC,"$3,330,085,560.27",$228.76,"14,557,050 BTC",0.42%,0.42%,0.79%
122,2015-09-06,Bitcoin,BTC,"$3,497,753,009.18",$239.84,"14,583,675 BTC",-0.34%,-0.34%,5.31%
123,2015-09-13,Bitcoin,BTC,"$3,367,770,894.01",$230.51,"14,609,975 BTC",0.46%,0.46%,-4.06%
124,2015-09-20,Bitcoin,BTC,"$3,383,765,027.60",$231.21,"14,634,900 BTC",-0.09%,-0.09%,0.50%
125,2015-09-27,Bitcoin,BTC,"$3,412,462,072.79",$232.76,"14,661,075 BTC",-0.12%,-0.12%,0.74%
126,2015-10-04,Bitcoin,BTC,"$3,499,388,303.06",$238.26,"14,687,325 BTC",0.03%,0.03%,1.84%
127,2015-10-11,Bitcoin,BTC,"$3,634,688,806.31",$247.05,"14,712,350 BTC",-0.03%,-0.03%,3.66%
128,2015-10-18,Bitcoin,BTC,"$3,856,059,658.96",$261.64,"14,737,875 BTC",-0.18%,-0.18%,6.02%
129,2015-10-25,Bitcoin,BTC,"$4,188,179,590.76",$283.68,"14,763,750 BTC",-1.38%,-1.38%,7.96%
130,2015-11-01,Bitcoin,BTC,"$4,813,284,493.67",$325.43,"14,790,500 BTC",0.05%,0.05%,13.78%
131,2015-11-08,Bitcoin,BTC,"$5,532,076,550.94",$373.37,"14,816,675 BTC",-0.10%,-0.10%,15.41%
132,2015-11-15,Bitcoin,BTC,"$4,752,459,764.48",$320.17,"14,843,750 BTC",-0.03%,-0.03%,-14.43%
133,2015-11-22,Bitcoin,BTC,"$4,826,464,375.03",$324.54,"14,871,900 BTC",0.27%,0.27%,1.26%
134,2015-11-29,Bitcoin,BTC,"$5,531,871,361.82",$371.29,"14,898,900 BTC",0.07%,0.07%,14.86%
135,2015-12-06,Bitcoin,BTC,"$5,803,309,466.63",$388.78,"14,926,850 BTC",-1.82%,-1.82%,4.78%
136,2015-12-13,Bitcoin,BTC,"$6,487,291,790.28",$433.75,"14,956,125 BTC",-0.53%,-0.53%,10.18%
137,2015-12-20,Bitcoin,BTC,"$6,633,993,867.05",$442.69,"14,985,800 BTC",0.13%,0.13%,1.35%
138,2015-12-27,Bitcoin,BTC,"$6,348,303,535.49",$422.82,"15,014,075 BTC",-0.23%,-0.23%,-3.38%
139,2016-01-03,Bitcoin,BTC,"$6,467,437,079.85",$430.01,"15,040,150 BTC",0.32%,0.32%,1.36%
140,2016-01-10,Bitcoin,BTC,"$6,750,434,827.13",$447.99,"15,068,250 BTC",0.41%,0.41%,4.47%
141,2016-01-17,Bitcoin,BTC,"$5,770,476,777.82",$382.30,"15,094,150 BTC",-1.20%,-1.20%,-14.59%
142,2016-01-24,Bitcoin,BTC,"$6,093,789,879.14",$402.97,"15,122,150 BTC",0.06%,0.06%,4.86%
143,2016-01-31,Bitcoin,BTC,"$5,587,251,013.45",$368.77,"15,151,175 BTC",-2.18%,-2.18%,-8.01%
144,2016-02-07,Bitcoin,BTC,"$5,718,025,977.03",$376.62,"15,182,475 BTC",-0.04%,-0.04%,0.67%
145,2016-02-14,Bitcoin,BTC,"$6,194,714,911.47",$407.23,"15,211,825 BTC",0.58%,0.58%,7.91%
146,2016-02-21,Bitcoin,BTC,"$6,686,296,147.82",$438.80,"15,237,750 BTC",-0.10%,-0.10%,8.32%
147,2016-02-28,Bitcoin,BTC,"$6,615,992,342.80",$433.50,"15,261,650 BTC",0.12%,0.12%,-0.68%
148,2016-03-06,Bitcoin,BTC,"$6,232,667,417.05",$407.71,"15,287,125 BTC",-0.49%,-0.49%,-6.32%
149,2016-03-13,Bitcoin,BTC,"$6,340,695,059.34",$414.06,"15,313,300 BTC",-0.01%,-0.01%,1.23%
150,2016-03-20,Bitcoin,BTC,"$6,346,553,665.99",$413.76,"15,338,900 BTC",0.03%,0.03%,-0.21%
151,2016-03-27,Bitcoin,BTC,"$6,557,036,225.33",$426.77,"15,364,500 BTC",0.18%,0.18%,3.40%
152,2016-04-03,Bitcoin,BTC,"$6,477,833,347.26",$420.90,"15,390,275 BTC",-0.07%,-0.07%,-1.35%
153,2016-04-10,Bitcoin,BTC,"$6,499,541,847.79",$421.56,"15,417,675 BTC",-0.01%,-0.01%,0.12%
154,2016-04-17,Bitcoin,BTC,"$6,600,877,700.77",$427.40,"15,444,300 BTC",0.04%,0.04%,1.26%
155,2016-04-24,Bitcoin,BTC,"$7,093,731,097.95",$458.55,"15,469,750 BTC",0.09%,0.09%,7.19%
156,2016-05-01,Bitcoin,BTC,"$7,001,713,695.73",$451.88,"15,494,800 BTC",-0.03%,-0.03%,-1.19%
157,2016-05-08,Bitcoin,BTC,"$7,117,816,226.19",$458.55,"15,522,525 BTC",0.16%,0.16%,1.49%
158,2016-05-15,Bitcoin,BTC,"$7,114,466,369.11",$457.57,"15,548,425 BTC",-0.16%,-0.16%,-0.05%
159,2016-05-22,Bitcoin,BTC,"$6,842,086,072.31",$439.32,"15,574,150 BTC",-0.13%,-0.13%,-4.04%
160,2016-05-29,Bitcoin,BTC,"$8,209,057,786.06",$526.23,"15,599,650 BTC",0.51%,0.51%,19.64%
161,2016-06-05,Bitcoin,BTC,"$8,983,559,297.69",$574.98,"15,624,200 BTC",-0.10%,-0.10%,7.99%
162,2016-06-12,Bitcoin,BTC,"$10,529,617,906.55",$672.78,"15,650,825 BTC",-1.44%,-1.44%,16.58%
163,2016-06-19,Bitcoin,BTC,"$11,974,381,017.76",$763.78,"15,677,775 BTC",-0.05%,-0.05%,13.89%
164,2016-06-26,Bitcoin,BTC,"$9,883,126,979.74",$629.37,"15,703,275 BTC",-0.37%,-0.37%,-17.34%
165,2016-07-03,Bitcoin,BTC,"$10,360,448,690.67",$658.66,"15,729,500 BTC",-0.71%,-0.71%,3.81%
166,2016-07-10,Bitcoin,BTC,"$10,228,999,687.31",$649.36,"15,752,436 BTC",0.17%,0.17%,-2.10%
167,2016-07-17,Bitcoin,BTC,"$10,711,259,364.55",$679.46,"15,764,400 BTC",0.34%,0.34%,4.30%
168,2016-07-24,Bitcoin,BTC,"$10,432,243,931.40",$661.28,"15,775,716 BTC",0.02%,0.02%,-2.71%
169,2016-07-31,Bitcoin,BTC,"$9,861,863,056.63",$624.68,"15,787,044 BTC",-1.07%,-1.07%,-5.49%
170,2016-08-07,Bitcoin,BTC,"$9,364,716,451.72",$592.69,"15,800,352 BTC",-0.02%,-0.02%,-5.39%
171,2016-08-14,Bitcoin,BTC,"$9,020,855,586.13",$570.47,"15,812,928 BTC",0.26%,0.26%,-3.34%
172,2016-08-21,Bitcoin,BTC,"$9,199,366,253.98",$581.31,"15,825,288 BTC",0.10%,0.10%,1.97%
173,2016-08-28,Bitcoin,BTC,"$9,089,310,800.47",$573.91,"15,837,468 BTC",0.08%,0.08%,-1.25%
174,2016-09-04,Bitcoin,BTC,"$9,646,839,252.48",$608.63,"15,849,996 BTC",0.20%,0.20%,5.97%
175,2016-09-11,Bitcoin,BTC,"$9,624,020,831.37",$606.72,"15,862,404 BTC",0.19%,0.19%,-0.09%
176,2016-09-18,Bitcoin,BTC,"$9,682,000,956.98",$609.87,"15,875,424 BTC",0.03%,0.03%,0.21%
177,2016-09-25,Bitcoin,BTC,"$9,546,135,306.26",$600.83,"15,888,348 BTC",0.00%,0.00%,-1.52%
178,2016-10-02,Bitcoin,BTC,"$9,713,776,074.59",$610.89,"15,900,972 BTC",-0.04%,-0.04%,1.69%
179,2016-10-09,Bitcoin,BTC,"$9,815,153,928.90",$616.75,"15,914,268 BTC",-0.02%,-0.02%,0.94%
180,2016-10-16,Bitcoin,BTC,"$10,218,347,119.99",$641.63,"15,925,584 BTC",-0.07%,-0.07%,3.89%
181,2016-10-23,Bitcoin,BTC,"$10,472,102,290.60",$657.07,"15,937,548 BTC",-0.07%,-0.07%,2.42%
182,2016-10-30,Bitcoin,BTC,"$11,194,830,999.86",$701.86,"15,950,148 BTC",0.24%,0.24%,7.00%
183,2016-11-06,Bitcoin,BTC,"$11,357,379,034.24",$711.52,"15,962,100 BTC",0.00%,0.00%,1.36%
184,2016-11-13,Bitcoin,BTC,"$11,215,178,275.85",$702.03,"15,975,336 BTC",0.00%,0.00%,-0.66%
185,2016-11-20,Bitcoin,BTC,"$11,695,084,822.53",$731.03,"15,998,175 BTC",0.11%,0.11%,4.07%
186,2016-11-27,Bitcoin,BTC,"$11,720,644,647.82",$732.03,"16,011,050 BTC",-0.13%,-0.13%,0.37%
187,2016-12-04,Bitcoin,BTC,"$12,400,771,414.96",$773.87,"16,024,312 BTC",0.46%,0.46%,5.28%
188,2016-12-11,Bitcoin,BTC,"$12,344,885,401.29",$769.73,"16,037,925 BTC",0.07%,0.07%,0.05%
189,2016-12-18,Bitcoin,BTC,"$12,688,514,456.46",$790.53,"16,050,637 BTC",0.08%,0.08%,2.58%
190,2016-12-25,Bitcoin,BTC,"$14,396,198,729.33",$896.18,"16,063,900 BTC",0.23%,0.23%,13.41%
191,2017-01-01,Bitcoin,BTC,"$16,050,414,525.76",$998.33,"16,077,337 BTC",-0.42%,-0.42%,11.16%
192,2017-01-08,Bitcoin,BTC,"$14,661,965,038.49",$911.20,"16,090,850 BTC",-0.03%,-0.03%,-9.03%
193,2017-01-15,Bitcoin,BTC,"$13,234,843,181.35",$821.80,"16,104,737 BTC",0.37%,0.37%,-8.69%
194,2017-01-22,Bitcoin,BTC,"$14,905,434,976.85",$924.67,"16,119,687 BTC",0.36%,0.36%,12.42%
195,2017-01-29,Bitcoin,BTC,"$14,834,382,392.91",$919.50,"16,133,162 BTC",-0.06%,-0.06%,-0.07%
196,2017-02-05,Bitcoin,BTC,"$16,588,243,546.77","$1,027.34","16,146,787 BTC",0.02%,0.02%,11.60%
197,2017-02-12,Bitcoin,BTC,"$16,146,284,920.43",$999.18,"16,159,525 BTC",-0.02%,-0.02%,-2.93%
198,2017-02-19,Bitcoin,BTC,"$16,946,921,163.62","$1,047.87","16,172,725 BTC",-0.08%,-0.08%,4.85%
199,2017-02-26,Bitcoin,BTC,"$18,860,276,477.61","$1,165.20","16,186,275 BTC",0.12%,0.12%,11.35%
200,2017-03-05,Bitcoin,BTC,"$20,526,235,190.90","$1,267.12","16,199,125 BTC",0.16%,0.16%,8.64%
201,2017-03-12,Bitcoin,BTC,"$19,801,180,013.98","$1,221.38","16,212,150 BTC",-0.12%,-0.12%,-3.55%
202,2017-03-19,Bitcoin,BTC,"$16,821,627,032.10","$1,036.74","16,225,550 BTC",-1.82%,-1.82%,-15.25%
203,2017-03-26,Bitcoin,BTC,"$15,698,467,116.52",$966.73,"16,238,812 BTC",0.72%,0.72%,-8.29%
204,2017-04-02,Bitcoin,BTC,"$17,911,979,951.60","$1,102.17","16,251,500 BTC",0.02%,0.02%,12.81%
205,2017-04-09,Bitcoin,BTC,"$19,320,529,716.86","$1,187.87","16,264,837 BTC",-0.18%,-0.18%,6.49%
206,2017-04-16,Bitcoin,BTC,"$19,255,379,993.87","$1,182.94","16,277,587 BTC",-0.13%,-0.13%,-0.47%
207,2017-04-23,Bitcoin,BTC,"$19,665,991,519.57","$1,207.21","16,290,450 BTC",0.24%,0.24%,2.03%
208,2017-04-30,Bitcoin,BTC,"$21,975,158,881.89","$1,347.89","16,303,337 BTC",0.27%,0.27%,11.23%
209,2017-05-07,Bitcoin,BTC,"$26,053,095,263.47","$1,596.71","16,316,725 BTC",0.82%,0.82%,18.48%
210,2017-05-14,Bitcoin,BTC,"$29,540,321,253.76","$1,808.91","16,330,437 BTC",0.18%,0.18%,13.01%
211,2017-05-21,Bitcoin,BTC,"$33,361,050,414.35","$2,041.20","16,343,862 BTC",-0.97%,-0.97%,13.85%
212,2017-05-28,Bitcoin,BTC,"$35,264,179,895.53","$2,155.80","16,357,812 BTC",0.40%,0.40%,4.07%
213,2017-06-04,Bitcoin,BTC,"$41,124,195,602.84","$2,511.81","16,372,362 BTC",0.22%,0.22%,17.79%
214,2017-06-11,Bitcoin,BTC,"$48,471,351,908.86","$2,958.11","16,385,912 BTC",0.27%,0.27%,17.09%
215,2017-06-18,Bitcoin,BTC,"$41,788,447,639.02","$2,548.29","16,398,612 BTC",0.35%,0.35%,-14.00%
216,2017-06-25,Bitcoin,BTC,"$42,494,976,233.71","$2,589.41","16,411,075 BTC",0.54%,0.54%,1.28%
217,2017-07-02,Bitcoin,BTC,"$41,167,090,926.76","$2,506.47","16,424,300 BTC",0.22%,0.22%,-3.36%
218,2017-07-09,Bitcoin,BTC,"$41,397,103,732.72","$2,518.44","16,437,587 BTC",-0.40%,-0.40%,1.02%
219,2017-07-16,Bitcoin,BTC,"$31,748,976,616.36","$1,929.82","16,451,762 BTC",-0.82%,-0.82%,-23.69%
220,2017-07-23,Bitcoin,BTC,"$44,957,797,776.41","$2,730.40","16,465,637 BTC",0.51%,0.51%,40.28%
221,2017-07-30,Bitcoin,BTC,"$45,435,928,833.89","$2,757.18","16,479,125 BTC",0.27%,0.27%,0.54%
222,2017-08-06,Bitcoin,BTC,"$53,006,437,221.50","$3,213.94","16,492,662 BTC",-0.92%,-0.92%,17.38%
223,2017-08-13,Bitcoin,BTC,"$67,230,609,742.27","$4,073.26","16,505,337 BTC",-0.46%,-0.46%,25.88%
224,2017-08-20,Bitcoin,BTC,"$67,520,408,829.04","$4,087.66","16,518,125 BTC",-1.52%,-1.52%,0.89%
225,2017-08-27,Bitcoin,BTC,"$72,441,911,150.00","$4,382.88","16,528,400 BTC",0.09%,0.09%,6.69%
226,2017-09-03,Bitcoin,BTC,"$75,812,212,996.30","$4,582.96","16,542,187 BTC",0.19%,0.19%,5.52%
227,2017-09-10,Bitcoin,BTC,"$68,263,777,323.30","$4,122.94","16,557,075 BTC",-1.18%,-1.18%,-9.24%
228,2017-09-17,Bitcoin,BTC,"$59,378,025,802.44","$3,582.88","16,572,700 BTC",-0.61%,-0.61%,-14.17%
229,2017-09-24,Bitcoin,BTC,"$61,082,049,548.78","$3,682.84","16,585,562 BTC",-0.59%,-0.59%,1.00%
230,2017-10-01,Bitcoin,BTC,"$73,094,850,250.11","$4,403.74","16,598,362 BTC",0.52%,0.52%,18.42%
231,2017-10-08,Bitcoin,BTC,"$76,589,269,101.56","$4,610.48","16,612,000 BTC",0.03%,0.03%,5.28%
232,2017-10-15,Bitcoin,BTC,"$94,402,965,836.79","$5,678.19","16,625,550 BTC",-0.15%,-0.15%,23.46%
233,2017-10-22,Bitcoin,BTC,"$99,981,950,651.71","$6,008.42","16,640,300 BTC",0.54%,0.54%,7.01%
234,2017-10-29,Bitcoin,BTC,"$102,482,504,137.01","$6,153.85","16,653,387 BTC",-0.29%,-0.29%,2.85%
235,2017-11-05,Bitcoin,BTC,"$123,449,127,399.00","$7,407.41","16,665,637 BTC",0.14%,0.14%,20.99%
236,2017-11-12,Bitcoin,BTC,"$99,226,239,528.70","$5,950.07","16,676,475 BTC",3.21%,3.21%,-19.70%
237,2017-11-19,Bitcoin,BTC,"$134,124,232,714.06","$8,036.49","16,689,400 BTC",0.47%,0.47%,33.66%
238,2017-11-26,Bitcoin,BTC,"$155,850,820,847.85","$9,330.55","16,703,275 BTC",-0.32%,-0.32%,16.44%
239,2017-12-03,Bitcoin,BTC,"$189,302,801,341.99","$11,323.22","16,718,100 BTC",1.08%,1.08%,19.33%
240,2017-12-10,Bitcoin,BTC,"$258,616,070,175.25","$15,455.44","16,733,012 BTC",1.43%,1.43%,34.80%
241,2017-12-17,Bitcoin,BTC,"$320,575,829,567.54","$19,140.76","16,748,337 BTC",-1.93%,-1.93%,20.36%
242,2017-12-24,Bitcoin,BTC,"$233,413,800,015.80","$13,925.78","16,761,275 BTC",1.68%,1.68%,-26.84%
243,2017-12-31,Bitcoin,BTC,"$237,466,518,547.07","$14,156.44","16,774,450 BTC",0.01%,0.01%,4.21%
244,2018-01-07,Bitcoin,BTC,"$276,634,593,972.51","$16,477.59","16,788,537 BTC",-0.90%,-0.90%,17.66%
245,2018-01-14,Bitcoin,BTC,"$231,412,752,942.70","$13,771.96","16,803,187 BTC",0.65%,0.65%,-15.36%
246,2018-01-21,Bitcoin,BTC,"$195,089,979,981.45","$11,600.13","16,817,912 BTC",1.78%,1.78%,-15.40%
247,2018-01-28,Bitcoin,BTC,"$198,390,717,461.43","$11,786.35","16,832,250 BTC",-0.26%,-0.26%,1.83%
248,2018-02-04,Bitcoin,BTC,"$139,433,744,615.04","$8,277.01","16,845,900 BTC",-1.43%,-1.43%,-29.22%
249,2018-02-11,Bitcoin,BTC,"$137,064,648,220.97","$8,129.97","16,859,175 BTC",-2.61%,-2.61%,-1.44%
250,2018-02-18,Bitcoin,BTC,"$178,040,051,534.26","$10,551.76","16,873,012 BTC",-1.33%,-1.33%,25.98%
251,2018-02-25,Bitcoin,BTC,"$163,204,103,255.40","$9,664.73","16,886,562 BTC",-0.80%,-0.80%,-9.92%
252,2018-03-04,Bitcoin,BTC,"$194,566,959,663.10","$11,512.57","16,900,387 BTC",0.80%,0.80%,18.96%
253,2018-03-11,Bitcoin,BTC,"$162,009,708,260.99","$9,578.63","16,913,662 BTC",-0.26%,-0.26%,-16.39%
254,2018-03-18,Bitcoin,BTC,"$139,201,741,038.92","$8,223.68","16,926,937 BTC",0.49%,0.49%,-14.46%
255,2018-03-25,Bitcoin,BTC,"$143,914,269,941.89","$8,495.78","16,939,500 BTC",-0.58%,-0.58%,5.73%
256,2018-04-01,Bitcoin,BTC,"$116,026,767,355.96","$6,844.23","16,952,500 BTC",0.27%,0.27%,-19.95%
257,2018-04-08,Bitcoin,BTC,"$119,162,938,803.77","$7,023.52","16,966,262 BTC",-0.25%,-0.25%,1.48%
258,2018-04-15,Bitcoin,BTC,"$141,427,094,606.61","$8,329.11","16,979,862 BTC",0.13%,0.13%,17.83%
259,2018-04-22,Bitcoin,BTC,"$149,585,506,245.09","$8,802.46","16,993,612 BTC",-0.53%,-0.53%,6.67%
260,2018-04-29,Bitcoin,BTC,"$160,182,355,100.88","$9,419.08","17,006,150 BTC",0.03%,0.03%,6.23%
261,2018-05-06,Bitcoin,BTC,"$164,316,651,814.37","$9,654.80","17,019,162 BTC",0.24%,0.24%,2.99%
262,2018-05-13,Bitcoin,BTC,"$148,587,834,674.28","$8,723.94","17,032,187 BTC",-0.36%,-0.36%,-8.14%
263,2018-05-20,Bitcoin,BTC,"$145,109,495,919.61","$8,513.25","17,045,137 BTC",0.16%,0.16%,-1.49%
264,2018-05-27,Bitcoin,BTC,"$125,694,987,943.03","$7,368.22","17,059,075 BTC",0.06%,0.06%,-13.47%
265,2018-06-03,Bitcoin,BTC,"$131,808,021,256.25","$7,720.25","17,073,025 BTC",0.11%,0.11%,4.89%
266,2018-06-10,Bitcoin,BTC,"$115,948,338,189.55","$6,786.02","17,086,350 BTC",0.76%,0.76%,-12.02%
267,2018-06-17,Bitcoin,BTC,"$111,134,738,445.42","$6,499.27","17,099,575 BTC",-0.51%,-0.51%,-4.26%
268,2018-06-24,Bitcoin,BTC,"$105,646,529,552.61","$6,173.23","17,113,662 BTC",0.37%,0.37%,-5.15%
269,2018-07-01,Bitcoin,BTC,"$109,366,021,621.84","$6,385.82","17,126,387 BTC",-0.15%,-0.15%,3.43%
270,2018-07-08,Bitcoin,BTC,"$116,097,019,270.53","$6,773.88","17,138,925 BTC",-0.24%,-0.24%,6.46%
271,2018-07-15,Bitcoin,BTC,"$109,074,582,282.55","$6,359.64","17,151,062 BTC",-0.31%,-0.31%,-6.18%
272,2018-07-22,Bitcoin,BTC,"$127,336,619,272.37","$7,418.49","17,164,762 BTC",0.05%,0.05%,16.36%
273,2018-07-29,Bitcoin,BTC,"$141,185,844,136.46","$8,218.46","17,179,112 BTC",0.29%,0.29%,9.27%
274,2018-08-05,Bitcoin,BTC,"$121,526,129,417.37","$7,068.48","17,192,675 BTC",0.08%,0.08%,-13.72%
275,2018-08-12,Bitcoin,BTC,"$108,790,173,990.81","$6,322.69","17,206,325 BTC",-0.77%,-0.77%,-10.84%
276,2018-08-19,Bitcoin,BTC,"$112,031,818,550.21","$6,506.07","17,219,587 BTC",-0.17%,-0.17%,2.41%
277,2018-08-26,Bitcoin,BTC,"$115,585,150,965.19","$6,707.26","17,232,850 BTC",0.04%,0.04%,3.43%
278,2018-09-02,Bitcoin,BTC,"$125,427,699,521.28","$7,272.72","17,246,337 BTC",-0.01%,-0.01%,8.37%
279,2018-09-09,Bitcoin,BTC,"$108,747,096,982.47","$6,300.86","17,259,087 BTC",-0.12%,-0.12%,-13.27%
280,2018-09-16,Bitcoin,BTC,"$112,562,429,293.61","$6,517.18","17,271,637 BTC",0.16%,0.16%,2.49%
281,2018-09-23,Bitcoin,BTC,"$115,990,469,904.05","$6,710.63","17,284,575 BTC",0.13%,0.13%,3.07%
282,2018-09-30,Bitcoin,BTC,"$114,608,461,359.46","$6,625.56","17,297,937 BTC",0.22%,0.22%,-1.09%
283,2018-10-07,Bitcoin,BTC,"$114,298,799,169.34","$6,602.95","17,310,275 BTC",-0.16%,-0.16%,-0.26%
284,2018-10-14,Bitcoin,BTC,"$108,972,551,127.20","$6,290.93","17,322,175 BTC",-0.32%,-0.32%,-4.66%
285,2018-10-21,Bitcoin,BTC,"$112,369,074,204.90","$6,482.35","17,334,625 BTC",-0.47%,-0.47%,2.69%
286,2018-10-28,Bitcoin,BTC,"$112,518,368,982.01","$6,486.39","17,346,850 BTC",0.19%,0.19%,-0.27%
287,2018-11-04,Bitcoin,BTC,"$110,689,204,562.51","$6,376.13","17,359,937 BTC",0.92%,0.92%,-1.59%
288,2018-11-11,Bitcoin,BTC,"$111,373,421,487.60","$6,411.27","17,371,512 BTC",0.50%,0.50%,0.49%
289,2018-11-18,Bitcoin,BTC,"$97,753,742,390.88","$5,623.54","17,382,950 BTC",0.36%,0.36%,-12.13%
290,2018-11-25,Bitcoin,BTC,"$69,749,231,721.85","$4,009.97","17,393,962 BTC",-0.55%,-0.55%,-28.30%
291,2018-12-02,Bitcoin,BTC,"$72,050,487,506.13","$4,139.88","17,404,012 BTC",-0.74%,-0.74%,3.99%
292,2018-12-09,Bitcoin,BTC,"$62,942,160,928.03","$3,614.23","17,415,075 BTC",0.20%,0.20%,-12.19%
293,2018-12-16,Bitcoin,BTC,"$56,685,436,643.77","$3,252.84","17,426,450 BTC",-0.14%,-0.14%,-10.24%
294,2018-12-23,Bitcoin,BTC,"$69,741,217,416.60","$3,998.98","17,439,750 BTC",0.09%,0.09%,22.43%
295,2018-12-30,Bitcoin,BTC,"$67,475,512,827.39","$3,865.95","17,453,787 BTC",-0.03%,-0.03%,-5.69%
296,2019-01-06,Bitcoin,BTC,"$71,206,795,852.79","$4,076.63","17,467,062 BTC",0.24%,0.24%,5.84%
297,2019-01-13,Bitcoin,BTC,"$62,106,461,671.35","$3,552.95","17,480,237 BTC",-0.08%,-0.08%,-12.80%
298,2019-01-20,Bitcoin,BTC,"$62,990,143,284.10","$3,601.01","17,492,337 BTC",-0.24%,-0.24%,1.01%
299,2019-01-27,Bitcoin,BTC,"$62,737,274,092.74","$3,583.97","17,504,987 BTC",-0.27%,-0.27%,-0.39%
300,2019-02-03,Bitcoin,BTC,"$60,681,847,607.58","$3,464.01","17,517,787 BTC",0.19%,0.19%,-3.04%
301,2019-02-10,Bitcoin,BTC,"$64,694,025,950.73","$3,690.19","17,531,362 BTC",0.41%,0.41%,6.51%
302,2019-02-17,Bitcoin,BTC,"$64,453,368,778.96","$3,673.84","17,543,887 BTC",0.53%,0.53%,0.33%
303,2019-02-24,Bitcoin,BTC,"$66,897,483,404.15","$3,810.43","17,556,425 BTC",-0.34%,-0.34%,3.64%
304,2019-03-03,Bitcoin,BTC,"$67,592,376,373.20","$3,847.18","17,569,350 BTC",0.03%,0.03%,0.34%
305,2019-03-10,Bitcoin,BTC,"$69,475,297,369.72","$3,951.60","17,581,562 BTC",-0.05%,-0.05%,2.80%
306,2019-03-17,Bitcoin,BTC,"$70,821,939,585.38","$4,025.23","17,594,512 BTC",-0.16%,-0.16%,1.90%
307,2019-03-24,Bitcoin,BTC,"$70,823,042,992.43","$4,022.17","17,608,175 BTC",0.15%,0.15%,-0.52%
308,2019-03-31,Bitcoin,BTC,"$72,339,379,035.95","$4,105.40","17,620,525 BTC",0.03%,0.03%,2.09%
309,2019-04-07,Bitcoin,BTC,"$91,674,230,185.93","$5,198.90","17,633,400 BTC",-0.15%,-0.15%,26.40%
310,2019-04-14,Bitcoin,BTC,"$91,188,595,340.79","$5,167.72","17,645,800 BTC",-0.18%,-0.18%,-1.05%
311,2019-04-21,Bitcoin,BTC,"$93,847,052,256.19","$5,314.53","17,658,575 BTC",0.16%,0.16%,3.02%
312,2019-04-28,Bitcoin,BTC,"$93,391,244,394.89","$5,285.14","17,670,537 BTC",0.07%,0.07%,-0.10%
313,2019-05-05,Bitcoin,BTC,"$102,494,420,158.46","$5,795.71","17,684,537 BTC",0.10%,0.10%,9.60%
314,2019-05-12,Bitcoin,BTC,"$123,389,710,222.36","$6,972.37","17,696,950 BTC",0.13%,0.13%,21.25%
315,2019-05-19,Bitcoin,BTC,"$145,185,076,704.97","$8,197.69","17,710,487 BTC",0.09%,0.09%,16.71%
316,2019-05-26,Bitcoin,BTC,"$153,725,486,067.29","$8,673.22","17,724,162 BTC",0.48%,0.48%,8.00%
317,2019-06-02,Bitcoin,BTC,"$155,077,231,351.22","$8,742.96","17,737,387 BTC",0.04%,0.04%,1.82%
318,2019-06-09,Bitcoin,BTC,"$136,465,098,533.16","$7,688.08","17,750,225 BTC",0.88%,0.88%,-11.62%
319,2019-06-16,Bitcoin,BTC,"$159,769,423,369.73","$8,994.49","17,763,037 BTC",-0.70%,-0.70%,17.05%
320,2019-06-23,Bitcoin,BTC,"$192,970,090,354.71","$10,855.37","17,776,462 BTC",-0.24%,-0.24%,19.53%
321,2019-06-30,Bitcoin,BTC,"$192,442,065,810.22","$10,817.16","17,790,450 BTC",-1.67%,-1.67%,-0.04%
322,2019-07-07,Bitcoin,BTC,"$203,881,891,345.94","$11,450.85","17,804,962 BTC",0.16%,0.16%,2.81%
323,2019-07-14,Bitcoin,BTC,"$182,741,933,551.73","$10,256.06","17,817,950 BTC",-2.86%,-2.86%,-10.46%
324,2019-07-21,Bitcoin,BTC,"$188,987,475,961.56","$10,599.11","17,830,512 BTC",0.29%,0.29%,2.25%
325,2019-07-28,Bitcoin,BTC,"$170,461,958,073.99","$9,552.86","17,844,075 BTC",1.47%,1.47%,-9.57%
326,2019-08-04,Bitcoin,BTC,"$195,907,875,403.02","$10,970.18","17,858,212 BTC",-0.12%,-0.12%,14.61%
327,2019-08-11,Bitcoin,BTC,"$205,941,632,234.68","$11,523.58","17,871,325 BTC",0.32%,0.32%,3.20%
328,2019-08-18,Bitcoin,BTC,"$185,022,920,955.42","$10,345.81","17,883,850 BTC",-0.07%,-0.07%,-9.63%
329,2019-08-25,Bitcoin,BTC,"$181,450,186,164.48","$10,138.52","17,897,112 BTC",0.68%,0.68%,-2.37%
330,2019-09-01,Bitcoin,BTC,"$174,768,292,883.37","$9,757.97","17,910,312 BTC",-0.29%,-0.29%,-4.61%
331,2019-09-08,Bitcoin,BTC,"$187,150,078,006.71","$10,441.28","17,924,062 BTC",0.00%,0.00%,7.37%
332,2019-09-15,Bitcoin,BTC,"$185,618,174,383.96","$10,347.71","17,938,087 BTC",0.05%,0.05%,-0.65%
333,2019-09-22,Bitcoin,BTC,"$180,784,051,698.60","$10,070.39","17,952,037 BTC",0.11%,0.11%,-2.73%
334,2019-09-29,Bitcoin,BTC,"$145,590,374,680.61","$8,104.19","17,964,837 BTC",-0.26%,-0.26%,-19.21%
335,2019-10-06,Bitcoin,BTC,"$143,607,672,862.46","$7,988.16","17,977,575 BTC",0.06%,0.06%,-0.59%
336,2019-10-13,Bitcoin,BTC,"$149,700,817,938.86","$8,321.01","17,990,712 BTC",0.06%,0.06%,4.37%
337,2019-10-20,Bitcoin,BTC,"$148,026,597,063.94","$8,222.08","18,003,550 BTC",0.06%,0.06%,-1.45%
338,2019-10-27,Bitcoin,BTC,"$172,087,039,875.45","$9,551.71","18,016,350 BTC",-0.40%,-0.40%,16.17%
339,2019-11-03,Bitcoin,BTC,"$166,495,319,475.22","$9,235.35","18,028,037 BTC",0.03%,0.03%,-4.20%
340,2019-11-10,Bitcoin,BTC,"$163,364,406,731.87","$9,055.53","18,040,300 BTC",-0.41%,-0.41%,-1.71%
341,2019-11-17,Bitcoin,BTC,"$154,861,842,424.93","$8,577.98","18,053,425 BTC",-1.19%,-1.19%,-5.24%
342,2019-11-24,Bitcoin,BTC,"$127,327,398,565.03","$7,047.92","18,065,962 BTC",-0.99%,-0.99%,-18.09%
343,2019-12-01,Bitcoin,BTC,"$134,215,145,409.92","$7,424.29","18,077,837 BTC",0.28%,0.28%,6.33%
344,2019-12-08,Bitcoin,BTC,"$136,847,419,895.98","$7,564.35","18,091,112 BTC",0.00%,0.00%,2.23%
345,2019-12-15,Bitcoin,BTC,"$129,481,424,647.56","$7,152.30","18,103,462 BTC",0.05%,0.05%,-5.29%
346,2019-12-22,Bitcoin,BTC,"$136,088,022,048.89","$7,511.59","18,117,075 BTC",1.01%,1.01%,5.47%
347,2019-12-29,Bitcoin,BTC,"$134,570,835,775.06","$7,422.65","18,129,750 BTC",-0.65%,-0.65%,-1.08%
348,2020-01-05,Bitcoin,BTC,"$134,469,548,249.08","$7,411.32","18,143,812 BTC",-0.06%,-0.06%,-0.25%
349,2020-01-12,Bitcoin,BTC,"$148,752,956,965.75","$8,192.49","18,157,225 BTC",0.19%,0.19%,9.37%
350,2020-01-19,Bitcoin,BTC,"$158,194,319,734.80","$8,706.25","18,170,212 BTC",0.47%,0.47%,6.68%
351,2020-01-26,Bitcoin,BTC,"$156,322,174,637.23","$8,596.83","18,183,700 BTC",0.29%,0.29%,-0.96%
352,2020-02-02,Bitcoin,BTC,"$170,034,976,661.75","$9,344.37","18,196,525 BTC",-0.53%,-0.53%,8.42%
353,2020-02-09,Bitcoin,BTC,"$184,214,765,394.47","$10,116.67","18,209,025 BTC",0.32%,0.32%,7.48%
354,2020-02-16,Bitcoin,BTC,"$181,017,665,264.46","$9,934.43","18,221,237 BTC",0.89%,0.89%,-1.51%
355,2020-02-23,Bitcoin,BTC,"$180,963,233,539.78","$9,924.52","18,233,962 BTC",0.24%,0.24%,0.99%
356,2020-03-01,Bitcoin,BTC,"$156,238,987,739.91","$8,562.45","18,246,987 BTC",-0.08%,-0.08%,-13.13%
357,2020-03-08,Bitcoin,BTC,"$148,060,284,561.06","$8,108.12","18,260,750 BTC",-1.38%,-1.38%,-5.36%
358,2020-03-15,Bitcoin,BTC,"$98,530,059,889.97","$5,392.31","18,272,312 BTC",0.21%,0.21%,-33.99%
359,2020-03-22,Bitcoin,BTC,"$106,591,196,068.93","$5,830.25","18,282,425 BTC",-1.41%,-1.41%,8.98%
360,2020-03-29,Bitcoin,BTC,"$108,338,520,155.50","$5,922.04","18,294,112 BTC",-0.18%,-0.18%,-0.12%
361,2020-04-05,Bitcoin,BTC,"$124,328,853,511.62","$6,791.13","18,307,537 BTC",0.03%,0.03%,13.28%
362,2020-04-12,Bitcoin,BTC,"$127,716,846,208.31","$6,971.09","18,320,925 BTC",-0.58%,-0.58%,2.15%
363,2020-04-19,Bitcoin,BTC,"$131,815,853,850.00","$7,189.42","18,334,687 BTC",-0.60%,-0.60%,4.25%
364,2020-04-26,Bitcoin,BTC,"$140,903,867,572.59","$7,679.87","18,347,175 BTC",0.40%,0.40%,6.44%
365,2020-05-03,Bitcoin,BTC,"$163,358,189,150.98","$8,897.47","18,360,075 BTC",-0.20%,-0.20%,15.65%
366,2020-05-10,Bitcoin,BTC,"$160,884,755,210.80","$8,756.43","18,373,325 BTC",-0.28%,-0.28%,-0.81%
367,2020-05-17,Bitcoin,BTC,"$177,745,404,470.08","$9,670.74","18,379,712 BTC",-0.15%,-0.15%,11.32%
368,2020-05-24,Bitcoin,BTC,"$161,610,414,642.63","$8,790.37","18,384,943 BTC",-2.83%,-2.83%,-10.17%
369,2020-05-31,Bitcoin,BTC,"$173,997,151,929.68","$9,461.06","18,390,875 BTC",0.05%,0.05%,6.37%
370,2020-06-07,Bitcoin,BTC,"$179,540,253,701.40","$9,758.85","18,397,681 BTC",0.13%,0.13%,2.66%
371,2020-06-14,Bitcoin,BTC,"$172,763,239,787.20","$9,386.79","18,404,937 BTC",0.06%,0.06%,-3.36%
372,2020-06-21,Bitcoin,BTC,"$171,289,415,078.63","$9,303.63","18,411,031 BTC",-0.10%,-0.10%,-0.43%
373,2020-06-28,Bitcoin,BTC,"$168,401,806,136.91","$9,143.58","18,417,487 BTC",0.28%,0.28%,-2.16%
374,2020-07-05,Bitcoin,BTC,"$167,181,726,153.66","$9,073.94","18,424,375 BTC",0.01%,0.01%,-0.61%
375,2020-07-12,Bitcoin,BTC,"$170,977,422,928.13","$9,276.50","18,431,243 BTC",-0.01%,-0.01%,2.34%
376,2020-07-19,Bitcoin,BTC,"$169,360,219,986.11","$9,185.82","18,437,143 BTC",0.28%,0.28%,-0.75%
377,2020-07-26,Bitcoin,BTC,"$182,685,328,095.43","$9,905.17","18,443,437 BTC",-0.01%,-0.01%,8.12%
378,2020-08-02,Bitcoin,BTC,"$203,936,136,729.63","$11,053.61","18,449,725 BTC",-0.52%,-0.52%,10.70%
379,2020-08-09,Bitcoin,BTC,"$215,490,364,254.78","$11,675.74","18,456,250 BTC",-0.05%,-0.05%,4.81%
380,2020-08-16,Bitcoin,BTC,"$219,576,092,170.36","$11,892.80","18,462,937 BTC",0.05%,0.05%,0.94%
381,2020-08-23,Bitcoin,BTC,"$215,439,967,321.34","$11,664.85","18,469,162 BTC",-0.01%,-0.01%,-1.54%
382,2020-08-30,Bitcoin,BTC,"$216,373,660,045.36","$11,711.51","18,475,306 BTC",0.41%,0.41%,0.34%
383,2020-09-06,Bitcoin,BTC,"$189,997,214,393.29","$10,280.35","18,481,587 BTC",0.53%,0.53%,-11.98%
384,2020-09-13,Bitcoin,BTC,"$190,870,759,062.08","$10,323.76","18,488,500 BTC",-0.33%,-0.33%,0.63%
385,2020-09-20,Bitcoin,BTC,"$202,308,927,892.35","$10,938.27","18,495,512 BTC",0.46%,0.46%,5.86%
386,2020-09-27,Bitcoin,BTC,"$199,646,001,248.20","$10,775.27","18,528,168 BTC",0.25%,0.25%,-1.49%
387,2020-10-04,Bitcoin,BTC,"$197,687,817,851.48","$10,669.58","18,528,168 BTC",0.04%,0.04%,-0.98%
388,2020-10-11,Bitcoin,BTC,"$210,928,035,777.00","$11,384.18","18,528,168 BTC",0.09%,0.09%,6.70%
389,2020-10-18,Bitcoin,BTC,"$212,766,341,397.05","$11,483.36","18,528,231 BTC",0.20%,0.20%,0.87%
390,2020-10-25,Bitcoin,BTC,"$241,444,607,827.29","$13,031.17","18,528,231 BTC",0.08%,0.08%,13.48%
391,2020-11-01,Bitcoin,BTC,"$254,569,759,062.59","$13,737.11","18,531,537 BTC",0.33%,0.33%,5.42%
392,2020-11-08,Bitcoin,BTC,"$286,955,182,899.01","$15,479.57","18,537,675 BTC",-0.15%,-0.15%,12.68%
393,2020-11-15,Bitcoin,BTC,"$295,790,551,597.89","$15,955.59","18,538,368 BTC",0.13%,0.13%,3.08%
394,2020-11-22,Bitcoin,BTC,"$340,790,183,317.33","$18,370.00","18,551,450 BTC",-1.27%,-1.27%,15.13%
395,2020-11-29,Bitcoin,BTC,"$337,336,592,123.07","$18,177.48","18,557,937 BTC",0.17%,0.17%,-1.05%
396,2020-12-06,Bitcoin,BTC,"$359,123,541,247.06","$19,345.12","18,564,037 BTC",0.97%,0.97%,6.42%
397,2020-12-13,Bitcoin,BTC,"$355,479,173,805.70","$19,142.38","18,570,268 BTC",0.32%,0.32%,-1.05%
398,2020-12-20,Bitcoin,BTC,"$436,129,331,482.26","$23,477.30","18,576,643 BTC",-0.17%,-0.17%,22.65%
399,2020-12-27,Bitcoin,BTC,"$488,213,268,382.01","$26,272.29","18,582,818 BTC",-0.91%,-0.91%,11.91%
400,2021-01-03,Bitcoin,BTC,"$609,409,213,147.03","$32,782.02","18,589,737 BTC",-0.61%,-0.61%,24.78%
401,2021-01-10,Bitcoin,BTC,"$713,304,617,760.95","$38,356.44","18,596,737 BTC",-0.55%,-0.55%,17.00%
402,2021-01-17,Bitcoin,BTC,"$665,831,621,390.99","$35,791.28","18,603,181 BTC",-1.24%,-1.24%,-6.69%
403,2021-01-24,Bitcoin,BTC,"$600,888,568,009.50","$32,289.38","18,609,481 BTC",0.36%,0.36%,-9.78%
404,2021-01-31,Bitcoin,BTC,"$616,452,744,533.28","$33,114.36","18,615,875 BTC",0.49%,0.49%,2.55%
405,2021-02-07,Bitcoin,BTC,"$724,478,833,211.10","$38,903.44","18,622,487 BTC",0.36%,0.36%,17.48%
406,2021-02-14,Bitcoin,BTC,"$907,551,330,153.22","$48,717.29","18,628,937 BTC",-0.74%,-0.74%,25.23%
407,2021-02-21,Bitcoin,BTC,"$1,072,421,529,570.02","$57,539.94","18,637,862 BTC",0.25%,0.25%,18.11%
408,2021-02-28,Bitcoin,BTC,"$841,428,977,514.57","$45,137.77","18,641,350 BTC",-0.30%,-0.30%,-21.55%
409,2021-03-07,Bitcoin,BTC,"$954,880,954,584.64","$51,206.69","18,647,581 BTC",1.34%,1.34%,13.45%
410,2021-03-14,Bitcoin,BTC,"$1,106,226,132,524.59","$59,302.32","18,654,012 BTC",-1.55%,-1.55%,15.81%
411,2021-03-21,Bitcoin,BTC,"$1,073,480,856,312.03","$57,523.42","18,661,631 BTC",-0.46%,-0.46%,-3.00%
412,2021-03-28,Bitcoin,BTC,"$1,044,446,559,059.05","$55,950.75","18,667,250 BTC",0.34%,0.34%,-2.73%
413,2021-04-04,Bitcoin,BTC,"$1,097,232,660,348.16","$58,758.56","18,673,581 BTC",0.28%,0.28%,5.02%
414,2021-04-11,Bitcoin,BTC,"$1,124,635,848,775.45","$60,204.96","18,680,118 BTC",0.01%,0.01%,2.46%
415,2021-04-18,Bitcoin,BTC,"$1,050,445,401,609.72","$56,216.19","18,685,818 BTC",-0.63%,-0.63%,-6.63%
416,2021-04-25,Bitcoin,BTC,"$915,955,943,256.31","$49,004.25","18,691,356 BTC",0.72%,0.72%,-12.83%
417,2021-05-02,Bitcoin,BTC,"$1,058,862,005,057.49","$56,631.08","18,697,543 BTC",0.31%,0.31%,15.56%
418,2021-05-09,Bitcoin,BTC,"$1,089,244,557,675.55","$58,232.32","18,705,156 BTC",0.52%,0.52%,2.83%
419,2021-05-16,Bitcoin,BTC,"$869,279,076,502.07","$46,456.06","18,711,856 BTC",1.77%,1.77%,-20.22%
420,2021-05-23,Bitcoin,BTC,"$650,686,270,744.27","$34,770.58","18,713,700 BTC",2.66%,2.66%,-25.15%
421,2021-05-30,Bitcoin,BTC,"$667,976,638,398.14","$35,678.13","18,722,300 BTC",-0.18%,-0.18%,2.61%
422,2021-06-06,Bitcoin,BTC,"$671,652,557,855.13","$35,862.38","18,728,612 BTC",0.74%,0.74%,0.52%
423,2021-06-13,Bitcoin,BTC,"$732,465,659,891.77","$39,097.86","18,734,162 BTC",0.61%,0.61%,9.02%
424,2021-06-20,Bitcoin,BTC,"$668,968,868,769.75","$35,698.30","18,739,518 BTC",-0.05%,-0.05%,-8.70%
425,2021-06-27,Bitcoin,BTC,"$649,461,677,014.11","$34,649.64","18,743,675 BTC",0.47%,0.47%,-2.94%
426,2021-07-04,Bitcoin,BTC,"$661,574,836,314.86","$35,287.78","18,747,987 BTC",-0.16%,-0.16%,1.84%
427,2021-07-11,Bitcoin,BTC,"$642,138,104,626.48","$34,240.19","18,753,931 BTC",-0.42%,-0.42%,-2.97%
428,2021-07-18,Bitcoin,BTC,"$596,513,309,276.77","$31,796.81","18,760,162 BTC",0.67%,0.67%,-7.14%
429,2021-07-25,Bitcoin,BTC,"$663,401,935,102.72","$35,350.19","18,766,575 BTC",2.12%,2.12%,11.18%
430,2021-08-01,Bitcoin,BTC,"$750,472,428,208.37","$39,974.90","18,773,593 BTC",-0.81%,-0.81%,13.08%
431,2021-08-08,Bitcoin,BTC,"$822,545,074,286.18","$43,798.12","18,780,375 BTC",-1.04%,-1.04%,9.56%
432,2021-08-15,Bitcoin,BTC,"$883,882,942,187.64","$47,047.00","18,787,231 BTC",-0.37%,-0.37%,7.42%
433,2021-08-22,Bitcoin,BTC,"$926,961,622,395.31","$49,321.65","18,794,212 BTC",0.15%,0.15%,4.83%
434,2021-08-29,Bitcoin,BTC,"$918,057,300,166.44","$48,829.83","18,801,156 BTC",-0.66%,-0.66%,-1.00%
435,2021-09-05,Bitcoin,BTC,"$973,354,882,472.78","$51,753.41","18,807,550 BTC",-0.16%,-0.16%,5.99%
436,2021-09-12,Bitcoin,BTC,"$866,636,671,661.82","$46,063.27","18,814,050 BTC",0.77%,0.77%,-10.99%
437,2021-09-19,Bitcoin,BTC,"$889,472,404,519.70","$47,260.22","18,820,743 BTC",0.37%,0.37%,2.60%
438,2021-09-26,Bitcoin,BTC,"$813,490,665,612.76","$43,208.54","18,827,081 BTC",0.41%,0.41%,-8.57%
439,2021-10-03,Bitcoin,BTC,"$907,791,525,235.93","$48,199.95","18,833,868 BTC",0.44%,0.44%,11.55%
440,2021-10-10,Bitcoin,BTC,"$1,031,909,532,688.09","$54,771.58","18,840,237 BTC",-0.33%,-0.33%,13.63%
441,2021-10-17,Bitcoin,BTC,"$1,160,143,314,184.57","$61,553.62","18,847,687 BTC",0.54%,0.54%,12.38%
442,2021-10-24,Bitcoin,BTC,"$1,148,743,134,467.63","$60,930.84","18,853,231 BTC",0.00%,0.00%,-1.01%
443,2021-10-31,Bitcoin,BTC,"$1,156,485,845,063.09","$61,318.96","18,860,168 BTC",-0.18%,-0.18%,0.64%
444,2021-11-07,Bitcoin,BTC,"$1,194,778,776,481.15","$63,326.99","18,866,818 BTC",0.66%,0.66%,3.27%
445,2021-11-14,Bitcoin,BTC,"$1,235,578,996,842.01","$65,466.84","18,873,356 BTC",1.49%,1.49%,3.38%
446,2021-11-21,Bitcoin,BTC,"$1,109,182,665,918.50","$58,730.48","18,885,981 BTC",-0.63%,-0.63%,-10.29%
447,2021-11-28,Bitcoin,BTC,"$1,081,180,416,261.97","$57,248.46","18,885,756 BTC",1.97%,1.97%,-2.52%
448,2021-12-05,Bitcoin,BTC,"$932,695,365,142.40","$49,368.85","18,892,387 BTC",0.25%,0.25%,-13.76%
449,2021-12-12,Bitcoin,BTC,"$946,823,114,554.82","$50,098.34","18,899,293 BTC",-0.22%,-0.22%,1.48%
450,2021-12-19,Bitcoin,BTC,"$883,011,296,029.51","$46,707.01","18,905,325 BTC",-1.48%,-1.48%,-6.77%
451,2021-12-26,Bitcoin,BTC,"$960,899,995,734.94","$50,809.52","18,911,812 BTC",-0.39%,-0.39%,8.78%
452,2022-01-02,Bitcoin,BTC,"$895,688,387,523.14","$47,345.22","18,918,243 BTC",0.12%,0.12%,-6.82%
453,2022-01-09,Bitcoin,BTC,"$793,156,354,743.99","$41,911.60","18,924,506 BTC",-0.70%,-0.70%,-11.48%
454,2022-01-16,Bitcoin,BTC,"$816,211,499,220.99","$43,113.88","18,931,525 BTC",-0.17%,-0.17%,2.87%
455,2022-01-23,Bitcoin,BTC,"$687,012,848,062.33","$36,276.80","18,938,075 BTC",2.27%,2.27%,-15.86%
456,2022-01-30,Bitcoin,BTC,"$718,325,967,803.38","$37,917.60","18,944,393 BTC",0.32%,0.32%,4.52%
457,2022-02-06,Bitcoin,BTC,"$803,744,511,638.35","$42,412.43","18,950,681 BTC",1.92%,1.92%,11.85%
458,2022-02-13,Bitcoin,BTC,"$799,950,408,997.28","$42,197.52","18,957,287 BTC",-0.34%,-0.34%,-0.51%
459,2022-02-20,Bitcoin,BTC,"$728,812,385,562.03","$38,431.38","18,963,993 BTC",-0.80%,-0.80%,-8.93%
460,2022-02-27,Bitcoin,BTC,"$715,351,995,827.54","$37,709.78","18,969,931 BTC",-0.14%,-0.14%,-1.88%
461,2022-03-06,Bitcoin,BTC,"$729,062,407,067.32","$38,419.98","18,976,125 BTC",-1.53%,-1.53%,1.88%
462,2022-03-13,Bitcoin,BTC,"$718,481,905,385.96","$37,849.66","18,982,518 BTC",0.07%,0.07%,-1.48%
463,2022-03-20,Bitcoin,BTC,"$783,260,570,383.75","$41,247.82","18,989,137 BTC",-0.19%,-0.19%,8.98%
464,2022-03-27,Bitcoin,BTC,"$889,385,706,663.30","$46,820.49","18,995,650 BTC",0.28%,0.28%,13.51%
465,2022-04-03,Bitcoin,BTC,"$882,703,992,270.52","$46,453.57","19,001,856 BTC",-0.82%,-0.82%,-0.78%
466,2022-04-10,Bitcoin,BTC,"$802,293,412,896.67","$42,207.67","19,008,237 BTC",0.19%,0.19%,-9.14%
467,2022-04-17,Bitcoin,BTC,"$755,201,997,822.58","$39,716.95","19,014,600 BTC",-0.84%,-0.84%,-5.90%
468,2022-04-24,Bitcoin,BTC,"$750,755,023,763.85","$39,469.29","19,021,243 BTC",-0.28%,-0.28%,-0.62%
469,2022-05-01,Bitcoin,BTC,"$731,986,764,311.88","$38,469.09","19,027,918 BTC",0.32%,0.32%,-2.53%
470,2022-05-08,Bitcoin,BTC,"$648,302,121,215.01","$34,059.26","19,034,531 BTC",-0.70%,-0.70%,-11.46%
471,2022-05-15,Bitcoin,BTC,"$596,074,575,228.33","$31,305.11","19,040,806 BTC",0.68%,0.68%,-8.09%
472,2022-05-22,Bitcoin,BTC,"$577,568,895,835.72","$30,323.72","19,046,768 BTC",0.18%,0.18%,-3.13%
473,2022-05-29,Bitcoin,BTC,"$561,034,743,433.25","$29,445.96","19,053,031 BTC",0.04%,0.04%,-2.89%
474,2022-06-05,Bitcoin,BTC,"$569,996,838,236.87","$29,906.66","19,059,193 BTC",-0.34%,-0.34%,1.56%
